policy,truth_cvar,estimate,ci_low,ci_high,t_hat,alpha,B,seed,n_oracle,n_eval
uniform,0.05000000000000001,0.04705616677874916,0.03106356489903888,0.06544217378169799,0.1,0.1,2000,0,600,1000
right_skew,0.05966354426538299,0.059034645125891363,0.05008644219462703,0.07111497673876685,0.095,0.1,2000,0,600,1000
left_skew,0.4000320738436575,0.3997125802524523,0.36824747447080136,0.43088314495823343,0.505,0.1,2000,0,600,1000
tail_heavy,0.008184178458267011,0.010127337564814987,0.0055877299016768136,0.017047219185771626,0.03,0.1,2000,0,600,1000
