{
  "alpha": 0.1,
  "seed": 42,
  "coverages": [
    0.1,
    0.25,
    0.5,
    1.0
  ],
  "panel_size": 500,
  "rows": [
    {
      "policy": "base",
      "alpha": 0.1,
      "seed": 42,
      "coverage": 0.1,
      "n_total": 500,
      "n_slice": 9,
      "cvar_est": -0.21090411253085278,
      "t_hat": -0.00890300463803173,
      "full_oracle_truth": -0.3666088824710632,
      "abs_error": 0.15570476994021043,
      "cheap_only_cvar": -0.11994412622668003,
      "mean_Y": 0.2888664815049453,
      "mean_g1": 0.011111111111111118,
      "mean_g2": 0.010691215842246856,
      "verdict": "PASS",
      "cheap_only_mean": 0.49710802347920935,
      "mean_cje_est": 0.3176835151422841,
      "mean_abs_error": 0.028817033637338785,
      "mean_audit_residual": 0.05530547566792943,
      "mean_audit_p": 0.29382910468361456,
      "mean_audit_reject": false,
      "mean_verdict": "PASS",
      "coverage_target": 0.1
    },
    {
      "policy": "clone",
      "alpha": 0.1,
      "seed": 42,
      "coverage": 0.1,
      "n_total": 500,
      "n_slice": 45,
      "cvar_est": -0.22111803005472544,
      "t_hat": -0.00890300463803173,
      "full_oracle_truth": -0.35391680887649857,
      "abs_error": 0.13279877882177313,
      "cheap_only_cvar": -0.1254968031734154,
      "mean_Y": 0.292314377106901,
      "mean_g1": 0.011111111111111113,
      "mean_g2": -0.0034307270476017842,
      "verdict": "PASS",
      "cheap_only_mean": 0.48213479401088183,
      "mean_cje_est": 0.30808316992020046,
      "mean_abs_error": 0.01576879281329946,
      "mean_audit_residual": 0.08122520870147826,
      "mean_audit_p": 0.0048822187678110186,
      "mean_audit_reject": true,
      "mean_verdict": "FLAG_MEAN",
      "coverage_target": 0.1
    },
    {
      "policy": "premium",
      "alpha": 0.1,
      "seed": 42,
      "coverage": 0.1,
      "n_total": 500,
      "n_slice": 45,
      "cvar_est": -0.18460185575312613,
      "t_hat": -0.00890300463803173,
      "full_oracle_truth": -0.2644032479308379,
      "abs_error": 0.07980139217771179,
      "cheap_only_cvar": -0.0755145873460172,
      "mean_Y": 0.42778059709891975,
      "mean_g1": -0.03333333333333334,
      "mean_g2": -0.008475575010595156,
      "verdict": "PASS",
      "cheap_only_mean": 0.5802806258106454,
      "mean_cje_est": 0.3886736176157899,
      "mean_abs_error": 0.039106979483129856,
      "mean_audit_residual": 0.09280935567008203,
      "mean_audit_p": 0.006389815820291306,
      "mean_audit_reject": true,
      "mean_verdict": "FLAG_MEAN",
      "coverage_target": 0.1
    },
    {
      "policy": "parallel_universe_prompt",
      "alpha": 0.1,
      "seed": 42,
      "coverage": 0.1,
      "n_total": 500,
      "n_slice": 45,
      "cvar_est": -0.36191470914028606,
      "t_hat": -0.1142468239564427,
      "full_oracle_truth": -0.47949719637811566,
      "abs_error": 0.1175824872378296,
      "cheap_only_cvar": -0.23226482830411463,
      "mean_Y": 0.10643028983756574,
      "mean_g1": 0.033333333333333326,
      "mean_g2": 0.0027153557547709,
      "verdict": "PASS",
      "cheap_only_mean": 0.3027224089632743,
      "mean_cje_est": 0.17605674119854917,
      "mean_abs_error": 0.06962645136098343,
      "mean_audit_residual": -0.03865282787424424,
      "mean_audit_p": 0.18277103169384462,
      "mean_audit_reject": false,
      "mean_verdict": "PASS",
      "coverage_target": 0.1
    },
    {
      "policy": "unhelpful",
      "alpha": 0.1,
      "seed": 42,
      "coverage": 0.1,
      "n_total": 500,
      "n_slice": 45,
      "cvar_est": -0.5071480045489757,
      "t_hat": -0.48295019157088115,
      "full_oracle_truth": -0.4922526859102191,
      "abs_error": 0.014895318638756594,
      "cheap_only_cvar": -0.38197250118539955,
      "mean_Y": -0.09001821944419515,
      "mean_g1": -0.09999999999999996,
      "mean_g2": -0.0026931911324603163,
      "verdict": "FLAG_TAIL",
      "cheap_only_mean": -0.0759852339359563,
      "mean_cje_est": -0.11089447259965625,
      "mean_abs_error": 0.0208762531554611,
      "mean_audit_residual": 0.06846342142632135,
      "mean_audit_p": 0.010306069427269523,
      "mean_audit_reject": true,
      "mean_verdict": "FLAG_MEAN",
      "coverage_target": 0.1
    },
    {
      "policy": "base",
      "alpha": 0.1,
      "seed": 42,
      "coverage": 0.25,
      "n_total": 500,
      "n_slice": 26,
      "cvar_est": -0.2756042280931066,
      "t_hat": -0.10792601228810417,
      "full_oracle_truth": -0.3666088824710632,
      "abs_error": 0.09100465437795663,
      "cheap_only_cvar": -0.11994412622668003,
      "mean_Y": 0.2888664815049453,
      "mean_g1": -0.02307692307692308,
      "mean_g2": 0.00608771338059708,
      "verdict": "PASS",
      "cheap_only_mean": 0.49710802347920935,
      "mean_cje_est": 0.2859741361832175,
      "mean_abs_error": 0.0028923453217278294,
      "mean_audit_residual": 0.010899286789326381,
      "mean_audit_p": 0.8120358170406111,
      "mean_audit_reject": false,
      "mean_verdict": "PASS",
      "coverage_target": 0.25
    },
    {
      "policy": "clone",
      "alpha": 0.1,
      "seed": 42,
      "coverage": 0.25,
      "n_total": 500,
      "n_slice": 132,
      "cvar_est": -0.2791439360834984,
      "t_hat": -0.10792601228810417,
      "full_oracle_truth": -0.35391680887649857,
      "abs_error": 0.07477287279300016,
      "cheap_only_cvar": -0.1254968031734154,
      "mean_Y": 0.292314377106901,
      "mean_g1": -0.0015151515151515165,
      "mean_g2": -0.004552599884147759,
      "verdict": "PASS",
      "cheap_only_mean": 0.48213479401088183,
      "mean_cje_est": 0.27439838497310004,
      "mean_abs_error": 0.017915992133800962,
      "mean_audit_residual": 0.04103904188725133,
      "mean_audit_p": 0.0303797424342543,
      "mean_audit_reject": true,
      "mean_verdict": "FLAG_MEAN",
      "coverage_target": 0.25
    },
    {
      "policy": "premium",
      "alpha": 0.1,
      "seed": 42,
      "coverage": 0.25,
      "n_total": 500,
      "n_slice": 132,
      "cvar_est": -0.23345771166731635,
      "t_hat": -0.05659847138944396,
      "full_oracle_truth": -0.2644032479308379,
      "abs_error": 0.03094553626352156,
      "cheap_only_cvar": -0.0755145873460172,
      "mean_Y": 0.42778059709891975,
      "mean_g1": 0.006060606060606069,
      "mean_g2": -0.002781170325760626,
      "verdict": "PASS",
      "cheap_only_mean": 0.5802806258106454,
      "mean_cje_est": 0.3539932262924041,
      "mean_abs_error": 0.07378737080651565,
      "mean_audit_residual": 0.06665838654338939,
      "mean_audit_p": 0.0023051908202189894,
      "mean_audit_reject": true,
      "mean_verdict": "FLAG_MEAN",
      "coverage_target": 0.25
    },
    {
      "policy": "parallel_universe_prompt",
      "alpha": 0.1,
      "seed": 42,
      "coverage": 0.25,
      "n_total": 500,
      "n_slice": 132,
      "cvar_est": -0.3475749845543536,
      "t_hat": -0.18491732363609437,
      "full_oracle_truth": -0.47949719637811566,
      "abs_error": 0.13192221182376207,
      "cheap_only_cvar": -0.23226482830411463,
      "mean_Y": 0.10643028983756574,
      "mean_g1": 0.04393939393939394,
      "mean_g2": 0.013218499485069488,
      "verdict": "PASS",
      "cheap_only_mean": 0.3027224089632743,
      "mean_cje_est": 0.14385983267488878,
      "mean_abs_error": 0.03742954283732304,
      "mean_audit_residual": -0.03864151439854982,
      "mean_audit_p": 0.05444240642716085,
      "mean_audit_reject": false,
      "mean_verdict": "PASS",
      "coverage_target": 0.25
    },
    {
      "policy": "unhelpful",
      "alpha": 0.1,
      "seed": 42,
      "coverage": 0.25,
      "n_total": 500,
      "n_slice": 132,
      "cvar_est": -0.41095290063133116,
      "t_hat": -0.23624486453475457,
      "full_oracle_truth": -0.4922526859102191,
      "abs_error": 0.08129978527888793,
      "cheap_only_cvar": -0.38197250118539955,
      "mean_Y": -0.09001821944419515,
      "mean_g1": 0.04393939393939395,
      "mean_g2": -0.002902672964257722,