{
  "alpha": 0.1,
  "coverage": 0.25,
  "seed": 42,
  "panel_size": 500,
  "rows": [
    {
      "policy": "base",
      "alpha": 0.1,
      "seed": 42,
      "coverage": 0.25,
      "n_total": 500,
      "n_slice": 26,
      "cvar_est": -0.2756042280931066,
      "t_hat": -0.10792601228810417,
      "full_oracle_truth": -0.3666088824710632,
      "abs_error": 0.09100465437795663,
      "cheap_only_cvar": -0.11994412622668003,
      "mean_Y": 0.2888664815049453,
      "mean_g1": -0.02307692307692308,
      "mean_g2": 0.00608771338059708,
      "verdict": "PASS",
      "cheap_only_mean": 0.49710802347920935,
      "mean_cje_est": 0.2859741361832175,
      "mean_abs_error": 0.0028923453217278294,
      "mean_audit_residual": 0.010899286789326381,
      "mean_audit_p": 0.8120358170406111,
      "mean_audit_reject": false,
      "mean_verdict": "PASS"
    },
    {
      "policy": "clone",
      "alpha": 0.1,
      "seed": 42,
      "coverage": 0.25,
      "n_total": 500,
      "n_slice": 132,
      "cvar_est": -0.2791439360834984,
      "t_hat": -0.10792601228810417,
      "full_oracle_truth": -0.35391680887649857,
      "abs_error": 0.07477287279300016,
      "cheap_only_cvar": -0.1254968031734154,
      "mean_Y": 0.292314377106901,
      "mean_g1": -0.0015151515151515165,
      "mean_g2": -0.004552599884147759,
      "verdict": "PASS",
      "cheap_only_mean": 0.48213479401088183,
      "mean_cje_est": 0.27439838497310004,
      "mean_abs_error": 0.017915992133800962,
      "mean_audit_residual": 0.04103904188725133,
      "mean_audit_p": 0.0303797424342543,
      "mean_audit_reject": true,
      "mean_verdict": "FLAG_MEAN"
    },
    {
      "policy": "premium",
      "alpha": 0.1,
      "seed": 42,
      "coverage": 0.25,
      "n_total": 500,
      "n_slice": 132,
      "cvar_est": -0.23345771166731635,
      "t_hat": -0.05659847138944396,
      "full_oracle_truth": -0.2644032479308379,
      "abs_error": 0.03094553626352156,
      "cheap_only_cvar": -0.0755145873460172,
      "mean_Y": 0.42778059709891975,
      "mean_g1": 0.006060606060606069,
      "mean_g2": -0.002781170325760626,
      "verdict": "PASS",
      "cheap_only_mean": 0.5802806258106454,
      "mean_cje_est": 0.3539932262924041,
      "mean_abs_error": 0.07378737080651565,
      "mean_audit_residual": 0.06665838654338939,
      "mean_audit_p": 0.0023051908202189894,
      "mean_audit_reject": true,
      "mean_verdict": "FLAG_MEAN"
    },
    {
      "policy": "parallel_universe_prompt",
      "alpha": 0.1,
      "seed": 42,
      "coverage": 0.25,
      "n_total": 500,
      "n_slice": 132,
      "cvar_est": -0.3475749845543536,
      "t_hat": -0.18491732363609437,
      "full_oracle_truth": -0.47949719637811566,
      "abs_error": 0.13192221182376207,
      "cheap_only_cvar": -0.23226482830411463,
      "mean_Y": 0.10643028983756574,
      "mean_g1": 0.04393939393939394,
      "mean_g2": 0.013218499485069488,
      "verdict": "PASS",
      "cheap_only_mean": 0.3027224089632743,
      "mean_cje_est": 0.14385983267488878,
      "mean_abs_error": 0.03742954283732304,
      "mean_audit_residual": -0.03864151439854982,
      "mean_audit_p": 0.05444240642716085,
      "mean_audit_reject": false,
      "mean_verdict": "PASS"
    },
    {
      "policy": "unhelpful",
      "alpha": 0.1,
      "seed": 42,
      "coverage": 0.25,
      "n_total": 500,
      "n_slice": 132,
      "cvar_est": -0.41095290063133116,
      "t_hat": -0.23624486453475457,
      "full_oracle_truth": -0.4922526859102191,
      "abs_error": 0.08129978527888793,
      "cheap_only_cvar": -0.38197250118539955,
      "mean_Y": -0.09001821944419515,
      "mean_g1": 0.04393939393939395,
      "mean_g2": -0.002902672964257722,
      "verdict": "PASS",
      "cheap_only_mean": -0.0759852339359563,
      "mean_cje_est": -0.09871770732669849,
      "mean_abs_error": 0.00869948788250334,
      "mean_audit_residual": 0.007633717667689208,
      "mean_audit_p": 0.5580402215089411,
      "mean_audit_reject": false,
      "mean_verdict": "PASS"
    }
  ]
}