{
  "alpha": 0.1,
  "coverage": 0.25,
  "seed": 42,
  "panel_size": 500,
  "rows": [
    {
      "policy": "base",
      "alpha": 0.1,
      "seed": 42,
      "coverage": 0.25,
      "n_total": 500,
      "n_slice": 26,
      "cvar_est": -0.2756042280931066,
      "t_hat": -0.10792601228810417,
      "cvar_est_aug": -0.2695165147125095,
      "cvar_gbar2": 0.00608771338059708,
      "full_oracle_truth": -0.3666088824710632,
      "abs_error": 0.09100465437795663,
      "abs_error_aug": 0.09709236775855373,
      "cheap_only_cvar": -0.11994412622668003,
      "mean_Y": 0.2888664815049453,
      "mean_g1": -0.02307692307692308,
      "mean_g2": 0.00608771338059708,
      "verdict": "PASS",
      "cheap_only_mean": 0.49710802347920935,
      "mean_cje_est": 0.2859741361832175,
      "mean_cje_aug": 0.2968734229725439,
      "mean_abs_error": 0.0028923453217278294,
      "mean_abs_error_aug": 0.00800694146759856,
      "mean_audit_residual": 0.010899286789326381,
      "mean_audit_p": 0.8120358170406111,
      "mean_audit_reject": false,
      "mean_audit_alpha_bonferroni": 0.01,
      "mean_verdict": "PASS",
      "mean_cje_est_cov": 0.2963682737712849,
      "mean_abs_error_cov": 0.007501792266339569,
      "mean_audit_cov_residual": 0.02253288480821506,
      "mean_audit_cov_p": 0.6476201399619609,
      "mean_audit_cov_reject": false,
      "cvar_ci_lo": -0.4060973029726118,
      "cvar_ci_hi": -0.1485272605878673,
      "cvar_se_boot": 0.07178856740145685,
      "mean_ci_lo": 0.23597028313083368,
      "mean_ci_hi": 0.3376890793100564,
      "mean_se_boot": 0.025959938223383053,
      "cvar_var_cal": 0.005153598409553513,
      "cvar_var_audit": 0.00020701805502493464,
      "cvar_se_total": 0.07321623088208275,
      "mean_var_cal": 0.0006739183925618644,
      "mean_var_audit": 0.0020567783875053976,
      "mean_se_total": 0.05225606931321243,
      "cvar_audit_only": -0.29881656804733725,
      "cvar_audit_only_ci_lo": -0.5,
      "cvar_audit_only_ci_hi": 0.0,
      "cvar_audit_only_se": 0.14249541500176885,
      "n_oracle_equiv": 99,
      "cost_ratio_x": 3.7878000470087887,
      "t_star": -0.10344827586206896
    },
    {
      "policy": "clone",
      "alpha": 0.1,
      "seed": 42,
      "coverage": 0.25,
      "n_total": 500,
      "n_slice": 132,
      "cvar_est": -0.2791439360834984,
      "t_hat": -0.10792601228810417,
      "cvar_est_aug": -0.28369653596764616,
      "cvar_gbar2": -0.004552599884147759,
      "full_oracle_truth": -0.35391680887649857,
      "abs_error": 0.07477287279300016,
      "abs_error_aug": 0.07022027290885241,
      "cheap_only_cvar": -0.1254968031734154,
      "mean_Y": 0.292314377106901,
      "mean_g1": -0.0015151515151515165,
      "mean_g2": -0.004552599884147759,
      "verdict": "PASS",
      "cheap_only_mean": 0.48213479401088183,
      "mean_cje_est": 0.27439838497310004,
      "mean_cje_aug": 0.31543742686035137,
      "mean_abs_error": 0.017915992133800962,
      "mean_abs_error_aug": 0.023123049753450364,
      "mean_audit_residual": 0.04103904188725133,
      "mean_audit_p": 0.0303797424342543,
      "mean_audit_reject": false,
      "mean_audit_alpha_bonferroni": 0.01,
      "mean_verdict": "PASS",
      "mean_cje_est_cov": 0.2833519100059307,
      "mean_abs_error_cov": 0.008962467100970317,
      "mean_audit_cov_residual": 0.039659643225827566,
      "mean_audit_cov_p": 0.031432163342640956,
      "mean_audit_cov_reject": false,
      "cvar_ci_lo": -0.4060973029726118,
      "cvar_ci_hi": -0.15096892196595188,
      "cvar_se_boot": 0.072000730330937,
      "mean_ci_lo": 0.22566612409037537,
      "mean_ci_hi": 0.32609243143391387,
      "mean_se_boot": 0.025403614391501524,
      "cvar_var_cal": 0.005184105168188311,
      "cvar_var_audit": 2.0701875536869872e-05,
      "cvar_se_total": 0.07214434866103638,
      "mean_var_cal": 0.0006453436241521033,
      "mean_var_audit": 0.00035152893137346364,
      "mean_se_total": 0.03157328863969617,
      "cvar_audit_only": -0.2452371727611164,
      "cvar_audit_only_ci_lo": -0.32549807210080917,
      "cvar_audit_only_ci_hi": -0.14659246540411028,
      "cvar_audit_only_se": 0.04541797131896852,
      "n_oracle_equiv": 53,
      "cost_ratio_x": 0.396324417293723,
      "t_star": -0.08256880733944955
    },
    {
      "policy": "premium",
      "alpha": 0.1,
      "seed": 42,
      "coverage": 0.25,
      "n_total": 500,
      "n_slice": 132,
      "cvar_est": -0.23345771166731635,
      "t_hat": -0.05659847138944396,
      "cvar_est_aug": -0.23623888199307697,
      "cvar_gbar2": -0.002781170325760626,
      "full_oracle_truth": -0.2644032479308379,
      "abs_error": 0.03094553626352156,
      "abs_error_aug": 0.02816436593776095,
      "cheap_only_cvar": -0.0755145873460172,
      "mean_Y": 0.42778059709891975,
      "mean_g1": 0.006060606060606069,
      "mean_g2": -0.002781170325760626,
      "verdict": "PASS",
      "cheap_only_mean": 0.5802806258106454,
      "mean_cje_est": 0.3539932262924041,
      "mean_cje_aug": 0.4206516128357935,
      "mean_abs_error": 0.07378737080651565,
      "mean_abs_error_aug": 0.007128984263126248,
      "mean_audit_residual": 0.06665838654338939,
      "mean_audit_p": 0.0023051908202189894,
      "mean_audit_reject": true,
      "mean_audit_alpha_bonferroni": 0.01,
      "mean_verdict": "FLAG_MEAN",
      "mean_cje_est_cov": 0.37315424017511245,
      "mean_abs_error_cov": 0.054626356923807295,
      "mean_audit_cov_residual": 0.055086719695059454,
      "mean_audit_cov_p": 0.013271318831672813,
      "mean_audit_cov_reject": false,
      "cvar_ci_lo": -0.3941315156029809,
      "cvar_ci_hi": -0.11999734168895786,
      "cvar_se_boot": 0.07266255963903051,
      "mean_ci_lo": 0.293138974767845,
      "mean_ci_hi": 0.4174233657730032,
      "mean_se_boot": 0.03180616898719334,
      "cvar_var_cal": 0.005279847573295665,
      "cvar_var_audit": 3.345827408672974e-05,
      "cvar_se_total": 0.07289242654338238,
      "mean_var_cal": 0.001011632385641899,
      "mean_var_audit": 0.0004597687042256448,
      "mean_se_total": 0.0383588463052207,
      "cvar_audit_only": -0.2228701188222678,
      "cvar_audit_only_ci_lo": -0.34182348918102595,
      "cvar_audit_only_ci_hi": -0.10143400634444126,
      "cvar_audit_only_se": 0.061605419698126676,
      "n_oracle_equiv": 95,
      "cost_ratio_x": 0.7142874596710928,
      "t_star": 0.0
    },
    {
      "policy": "parallel_universe_prompt",
      "alpha": 0.1,
      "seed": 42,
      "coverage": 0.25,
      "n_total": 500,
      "n_slice": 132,
      "cvar_est": -0.3475749845543536,
      "t_hat": -0.18491732363609437,
      "cvar_est_aug": -0.3343564850692841,
      "cvar_gbar2": 0.013218499485069488,
      "full_oracle_truth": -0.47949719637811566,
      "abs_error": 0.13192221182376207,
      "abs_error_aug": 0.14514071130883155,
      "cheap_only_cvar": -0.23226482830411463,
      "mean_Y": 0.10643028983756574,
      "mean_g1": 0.04393939393939394,
      "mean_g2": 0.013218499485069488,
      "verdict": "PASS",
      "cheap_only_mean": 0.3027224089632743,
      "mean_cje_est": 0.14385983267488878,
      "mean_cje_aug": 0.10521831827633896,
      "mean_abs_error": 0.03742954283732304,
      "mean_abs_error_aug": 0.0012119715612267795,
      "mean_audit_residual": -0.03864151439854982,
      "mean_audit_p": 0.05444240642716085,
      "mean_audit_reject": false,
      "mean_audit_alpha_bonferroni": 0.01,
      "mean_verdict": "PASS",
      "mean_cje_est_cov": 0.10629678341129807,
      "mean_abs_error_cov": 0.0001335064262676655,
      "mean_audit_cov_residual": -0.0037511373192483763,
      "mean_audit_cov_p": 0.8522377838643916,
      "mean_audit_cov_reject": false,
      "cvar_ci_lo": -0.5270450633929564,
      "cvar_ci_hi": -0.2044590260741992,
      "cvar_se_boot": 0.08885832370559663,
      "mean_ci_lo": 0.09740009866427347,
      "mean_ci_hi": 0.1868520399004202,
      "mean_se_boot": 0.022830936295590295,
      "cvar_var_cal": 0.007895801691768595,